requested_url,final_url,status,title,title_characters,description,description_characters,canonical,scope
https://colorcocktailfactory.com,https://colorcocktailfactory.com/,200,Color Cocktail Factory | Pottery & Creative Workshops in Chicago & Eugene,73,"Choose your location: Expert-guided pottery, glass fusion, mosaics & more in Chicago (Pilsen) and Eugene, Oregon. BYOB, beginner-friendly creative experiences.",159,https://colorcocktailfactory.com,internal
https://colorcocktailfactory.com/chicago,https://colorcocktailfactory.com/chicago,200,Chicago Creative Workshops & Pottery Classes | Color Cocktail Factory,69,"Top-rated creative workshops in Pilsen, Chicago, Illinois. Expert pottery classes, wheel throwing, Turkish lamps, glass fusion, mosaics. Perfect for date nights, birthdays, team building. Walk-ins welcome! Serving West Loop, South Loop, Bridgeport, Chinatown. Book online today.",278,https://colorcocktailfactory.com/chicago,internal
https://colorcocktailfactory.com/eugene,https://colorcocktailfactory.com/eugene,200,Eugene Creative Workshops & Pottery Classes | Color Cocktail Factory,68,"Top-rated creative workshops in downtown Eugene, Eugene, Oregon. Expert pottery classes, wheel throwing, Turkish lamps, glass fusion, mosaics. Perfect for date nights, birthdays, team building. Walk-ins welcome! Serving Whiteaker, Downtown, University District. Book online today.",280,https://colorcocktailfactory.com/eugene,internal
https://colorcocktailfactory.com/gift-cards,https://colorcocktailfactory.com/gift-cards,200,Gift Cards | Color Cocktail Factory | Color Cocktail Factory,60,"Give the gift of creativity. Gift cards for Color Cocktail Factory pottery, glass, and art workshops.",101,https://colorcocktailfactory.com/gift-cards,internal
https://colorcocktailfactory.com/private-events,https://colorcocktailfactory.com/private-events,200,Private Events & Parties | Color Cocktail Factory,49,"Host unforgettable private parties in Chicago & Eugene. BYOB pottery, mosaics, glass fusion for weddings, team building, birthdays & more. Groups of 8-50+.",155,https://colorcocktailfactory.com/private-events,internal
https://colorcocktailfactory.com/events,https://colorcocktailfactory.com/events,200,Upcoming Workshops & Events | Color Cocktail Factory,52,"Browse upcoming creative workshops in Chicago & Eugene. Pottery, glass fusion, mosaics, bonsai, painting, and more. Book your spot today!",137,https://colorcocktailfactory.com/events,internal
https://colorcocktailfactory.com/collections,https://colorcocktailfactory.com/collections,200,Class Collections & Curated Experiences | Color Cocktail Factory,64,"Browse our curated workshop collections: Beginners, Live Online, Date Night, Pottery & Wheel Throwing, Turkish Glass Lamps, and Botanical & Scent Crafts in Chicago & Eugene.",173,https://colorcocktailfactory.com/collections,internal
https://colorcocktailfactory.com/collections/beginners,https://colorcocktailfactory.com/collections/beginners,200,Beginner Art & Pottery Classes in Chicago & Eugene | Color Cocktail Factory,75,"Looking for beginner-friendly creative classes? Explore wheel throwing, handbuilding pottery, mosaic lamps, terrariums, and candle making with hands-on coaching.",161,https://colorcocktailfactory.com/collections/beginners,internal
https://colorcocktailfactory.com/collections/online,https://colorcocktailfactory.com/collections/online,200,Live Online Pottery & Art Classes | Color Cocktail Factory,58,"Join live virtual workshops in pottery, clay sculpting, and watercolor painting. Guided in real time with interactive instruction from anywhere.",144,https://colorcocktailfactory.com/collections/online,internal
https://colorcocktailfactory.com/collections/date-night,https://colorcocktailfactory.com/collections/date-night,200,Creative Date Night Ideas & Classes in Chicago & Eugene | Color Cocktail Factory,80,"Plan a romantic date night in Chicago (Pilsen) or Eugene. Pottery date night on the wheel, candlelit mosaic art, wine glass painting, and couples terrariums.",157,https://colorcocktailfactory.com/collections/date-night,internal
https://colorcocktailfactory.com/collections/pottery,https://colorcocktailfactory.com/collections/pottery,200,Pottery & Wheel Throwing Classes in Chicago & Eugene | Color Cocktail Factory,77,"Master wheel throwing and ceramic handbuilding. Beginner wheel classes, matcha bowls, ceramic mugs, charcuterie boards, and clay sculpture.",139,https://colorcocktailfactory.com/collections/pottery,internal
https://colorcocktailfactory.com/collections/glass-and-mosaics,https://colorcocktailfactory.com/collections/glass-and-mosaics,200,Turkish Lamp & Glass Mosaic Classes in Chicago & Eugene | Color Cocktail Factory,80,"Create custom Turkish mosaic lamps, stained glass art, and glass fusion pieces. Guided craft workshops in Chicago and Eugene.",125,https://colorcocktailfactory.com/collections/glass-and-mosaics,internal
https://colorcocktailfactory.com/collections/nature-and-aroma,https://colorcocktailfactory.com/collections/nature-and-aroma,200,"Bonsai, Terrarium & Candle Making Classes | Color Cocktail Factory",66,"Hands-on botanical and aroma workshops. Style your own bonsai tree, construct a miniature glass terrarium, or pour custom scented soy candles.",142,https://colorcocktailfactory.com/collections/nature-and-aroma,internal
https://colorcocktailfactory.com/activities,https://colorcocktailfactory.com/activities,200,All Classes & Workshops | Color Cocktail Factory,48,"Explore pottery, glass fusion, mosaics, Turkish lamps, bonsai, terrariums, candle making, painting, and more creative workshops in Chicago & Eugene.",148,https://colorcocktailfactory.com/activities,internal
https://colorcocktailfactory.com/activities/cauldron-pottery,https://colorcocktailfactory.com/activities/cauldron-pottery,200,Cauldron Pottery | Color Cocktail Factory,41,"Make your own clay cauldron in a guided, beginner-friendly workshop.",68,https://colorcocktailfactory.com/activities/cauldron-pottery,internal
https://colorcocktailfactory.com/activities/date-night-wheel,https://colorcocktailfactory.com/activities/date-night-wheel,200,Date Night on the Wheel | Color Cocktail Factory,48,"Two people, one wheel, and a hilariously fun learning curve. Guided step-by-step. Leave with real memories (and maybe a lopsided masterpiece).",142,https://colorcocktailfactory.com/activities/date-night-wheel,internal
https://colorcocktailfactory.com/activities/beginner-wheel,https://colorcocktailfactory.com/activities/beginner-wheel,200,Wheel Throwing for Beginners | Color Cocktail Factory,53,"Your first spin on the wheel. Learn centering, pulling, and shaping with hands-on coaching. You'll leave with new skills and a serious clay grin.",145,https://colorcocktailfactory.com/activities/beginner-wheel,internal
https://colorcocktailfactory.com/activities/cup-creations,https://colorcocktailfactory.com/activities/cup-creations,200,Cup Creations on the Wheel | Color Cocktail Factory,51,Master the pottery wheel while shaping your own custom drinking cup. Guided step-by-step from centering the clay to pulling the walls.,134,https://colorcocktailfactory.com/activities/cup-creations,internal
https://colorcocktailfactory.com/activities/turkish-lamp,https://colorcocktailfactory.com/activities/turkish-lamp,200,Turkish Lamp Mosaic | Color Cocktail Factory,44,"Build a lamp that looks like it belongs in a movie scene. Bright glass pieces, warm light, and the most satisfying final reveal.",128,https://colorcocktailfactory.com/activities/turkish-lamp,internal
https://colorcocktailfactory.com/activities/mug-and-bowl,https://colorcocktailfactory.com/activities/mug-and-bowl,200,Ceramic Mug and a Bowl | Color Cocktail Factory,47,Handbuild a mug and bowl with your own finishing touches.,57,https://colorcocktailfactory.com/activities/mug-and-bowl,internal
https://colorcocktailfactory.com/activities/terrarium,https://colorcocktailfactory.com/activities/terrarium,200,Terrarium Class | Color Cocktail Factory,40,"Build a tiny ecosystem in glass. Layer, plant, decorate — and walk out with a living centerpiece.",97,https://colorcocktailfactory.com/activities/terrarium,internal
https://colorcocktailfactory.com/activities/date-night-terrarium,https://colorcocktailfactory.com/activities/date-night-terrarium,200,Date Night Terrarium | Color Cocktail Factory,45,Build miniature living gardens together in a guided workshop.,61,https://colorcocktailfactory.com/activities/date-night-terrarium,internal
https://colorcocktailfactory.com/activities/mosaic,https://colorcocktailfactory.com/activities/mosaic,200,Beginner Mosaic Class | Color Cocktail Factory,46,"Turn colorful pieces into a finished artwork you'll actually want to display. High satisfaction, low stress — and wildly giftable.",130,https://colorcocktailfactory.com/activities/mosaic,internal
https://colorcocktailfactory.com/activities/candle-making,https://colorcocktailfactory.com/activities/candle-making,200,Organic Candle Making | Color Cocktail Factory,46,"Blend scents, pour wax, and leave with a candle that smells like '˜I have my life together' (even if you don't).",112,https://colorcocktailfactory.com/activities/candle-making,internal
https://colorcocktailfactory.com/activities/vip-date-night-painting,https://colorcocktailfactory.com/activities/vip-date-night-painting,200,VIP Date Night Painting | Color Cocktail Factory,48,Create a painting together with personal guidance from a studio artist.,71,https://colorcocktailfactory.com/activities/vip-date-night-painting,internal
https://colorcocktailfactory.com/activities/cat-vase,https://colorcocktailfactory.com/activities/cat-vase,200,Cat Vase Making | Color Cocktail Factory,40,Sculpt a clay vase with a cat-inspired face and ears.,53,https://colorcocktailfactory.com/activities/cat-vase,internal
https://colorcocktailfactory.com/activities/clay-pumpkin,https://colorcocktailfactory.com/activities/clay-pumpkin,200,Clay Pumpkin Lantern | Color Cocktail Factory,45,Handbuild and carve a clay pumpkin lantern with your own expression.,68,https://colorcocktailfactory.com/activities/clay-pumpkin,internal
https://colorcocktailfactory.com/activities/glass-fusion,https://colorcocktailfactory.com/activities/glass-fusion,200,Glass Fusion | Color Cocktail Factory,37,"Layer, compose, and create a piece that gets kiln-fired into glossy, luminous glass art. Super premium feel — no glass experience required.",139,https://colorcocktailfactory.com/activities/glass-fusion,internal
https://colorcocktailfactory.com/activities/bonsai,https://colorcocktailfactory.com/activities/bonsai,200,Bonsai Class | Color Cocktail Factory,37,"Learn styling, pruning, wiring basics, and how to care for a living sculpture. Calm energy, high skill payoff.",110,https://colorcocktailfactory.com/activities/bonsai,internal
https://colorcocktailfactory.com/activities/date-night-on-fire,https://colorcocktailfactory.com/activities/date-night-on-fire,200,Date Night on Fire | Color Cocktail Factory,43,Share a VIP pottery experience together at the wheel.,53,https://colorcocktailfactory.com/activities/date-night-on-fire,internal
https://colorcocktailfactory.com/activities/paint-pottery,https://colorcocktailfactory.com/activities/paint-pottery,200,Paint Your Own Pottery | Color Cocktail Factory,47,Choose colors and paint your own ceramic piece.,47,https://colorcocktailfactory.com/activities/paint-pottery,internal
https://colorcocktailfactory.com/activities/wine-glass-painting,https://colorcocktailfactory.com/activities/wine-glass-painting,200,Wine Glass Painting | Color Cocktail Factory,44,Paint a set that's uniquely yours. Stencils optional. Vibes mandatory.,70,https://colorcocktailfactory.com/activities/wine-glass-painting,internal
https://colorcocktailfactory.com/activities/mushroom-pottery,https://colorcocktailfactory.com/activities/mushroom-pottery,200,Mushroom Pottery | Color Cocktail Factory,41,Make a clay piece with whimsical mushroom details.,50,https://colorcocktailfactory.com/activities/mushroom-pottery,internal
https://colorcocktailfactory.com/activities/watercolor,https://colorcocktailfactory.com/activities/watercolor,200,Watercolor for Beginners | Color Cocktail Factory,49,Explore watercolor washes and brushwork with guided instruction.,64,https://colorcocktailfactory.com/activities/watercolor,internal
https://colorcocktailfactory.com/activities/matcha-bowl,https://colorcocktailfactory.com/activities/matcha-bowl,200,Matcha Bowl on the Wheel | Color Cocktail Factory,49,Throw and shape your own matcha bowl on the pottery wheel.,58,https://colorcocktailfactory.com/activities/matcha-bowl,internal
https://colorcocktailfactory.com/activities/date-night-candle,https://colorcocktailfactory.com/activities/date-night-candle,200,Date Night Candle Making | Color Cocktail Factory,49,Make a candle each during a creative studio date together.,58,https://colorcocktailfactory.com/activities/date-night-candle,internal
https://colorcocktailfactory.com/activities/ghost,https://colorcocktailfactory.com/activities/ghost,200,Ghost Pottery | Color Cocktail Factory,38,Shape a playful ghost from clay with step-by-step guidance.,59,https://colorcocktailfactory.com/activities/ghost,internal
https://colorcocktailfactory.com/activities/oogie-boogie,https://colorcocktailfactory.com/activities/oogie-boogie,200,Oogie Boogie Candle Holder | Color Cocktail Factory,51,Sculpt a characterful clay candle holder with a crooked grin.,61,https://colorcocktailfactory.com/activities/oogie-boogie,internal
https://colorcocktailfactory.com/activities/monster-lantern,https://colorcocktailfactory.com/activities/monster-lantern,200,Monster Lantern Pottery | Color Cocktail Factory,48,Sculpt and carve a clay lantern with a monstrous personality.,61,https://colorcocktailfactory.com/activities/monster-lantern,internal
https://colorcocktailfactory.com/activities/charcuterie-board,https://colorcocktailfactory.com/activities/charcuterie-board,200,Make & Paint a Charcuterie Board | Color Cocktail Factory,57,Make and decorate a ceramic board for your table.,49,https://colorcocktailfactory.com/activities/charcuterie-board,internal
https://colorcocktailfactory.com/activities/handbuilt-vase,https://colorcocktailfactory.com/activities/handbuilt-vase,200,Handbuilt Vase Making | Color Cocktail Factory,46,Build and texture a clay vase by hand.,38,https://colorcocktailfactory.com/activities/handbuilt-vase,internal
https://colorcocktailfactory.com/activities/soap,https://colorcocktailfactory.com/activities/soap,200,Soap Making | Color Cocktail Factory,36,Make your own soap in a guided hands-on workshop.,49,https://colorcocktailfactory.com/activities/soap,internal
https://colorcocktailfactory.com/activities/duck-soap-holder,https://colorcocktailfactory.com/activities/duck-soap-holder,200,Duck Soap Holder | Color Cocktail Factory,41,Sculpt a little duck-shaped holder for your soap.,49,https://colorcocktailfactory.com/activities/duck-soap-holder,internal
https://colorcocktailfactory.com/activities/open-studio,https://colorcocktailfactory.com/activities/open-studio,200,Open Studio Wheel Throwing | Color Cocktail Factory,51,Spend dedicated studio time working on the pottery wheel.,57,https://colorcocktailfactory.com/activities/open-studio,internal
https://colorcocktailfactory.com/activities/wheel-pumpkin,https://colorcocktailfactory.com/activities/wheel-pumpkin,200,Pumpkin on the Wheel | Color Cocktail Factory,45,Throw and shape a ceramic pumpkin on the pottery wheel.,55,https://colorcocktailfactory.com/activities/wheel-pumpkin,internal
https://colorcocktailfactory.com/activities/ceramic-chess,https://colorcocktailfactory.com/activities/ceramic-chess,200,Date Night Ceramic Chess | Color Cocktail Factory,49,Create your own ceramic chess set together.,43,https://colorcocktailfactory.com/activities/ceramic-chess,internal
https://colorcocktailfactory.com/activities/date-night-watercolor,https://colorcocktailfactory.com/activities/date-night-watercolor,200,Date Night Watercolor for Two | Color Cocktail Factory,54,Paint together with watercolor in a guided creative date.,57,https://colorcocktailfactory.com/activities/date-night-watercolor,internal
https://colorcocktailfactory.com/activities/vip-date-night-bonsai,https://colorcocktailfactory.com/activities/vip-date-night-bonsai,200,VIP Date Night Bonsai | Color Cocktail Factory,46,Learn to shape bonsai together in a guided date-night workshop.,63,https://colorcocktailfactory.com/activities/vip-date-night-bonsai,internal
https://colorcocktailfactory.com/activities/wheel-vase,https://colorcocktailfactory.com/activities/wheel-vase,200,Vase Making on the Wheel | Color Cocktail Factory,49,Learn to throw a vase and shape its silhouette on the wheel.,60,https://colorcocktailfactory.com/activities/wheel-vase,internal
https://colorcocktailfactory.com/activities/make-and-paint-wheel,https://colorcocktailfactory.com/activities/make-and-paint-wheel,200,Make & Paint on the Wheel | Color Cocktail Factory,50,Throw a pottery piece and add your own painted details.,55,https://colorcocktailfactory.com/activities/make-and-paint-wheel,internal
https://colorcocktailfactory.com/activities/pipe-and-ashtray,https://colorcocktailfactory.com/activities/pipe-and-ashtray,200,Pipe & Ashtray Making | Color Cocktail Factory,46,Shape your own ceramic pipe and ashtray by hand.,48,https://colorcocktailfactory.com/activities/pipe-and-ashtray,internal
https://colorcocktailfactory.com/activities/boobs-mug,https://colorcocktailfactory.com/activities/boobs-mug,200,Boobs Coffee Mug | Color Cocktail Factory,41,"Handbuild a cheeky, body-inspired ceramic mug.",46,https://colorcocktailfactory.com/activities/boobs-mug,internal
https://colorcocktailfactory.com/activities/dildos-and-bottles,https://colorcocktailfactory.com/activities/dildos-and-bottles,200,Dildos Pottery | Color Cocktail Factory,39,Sculpt a playful adult-themed creation from clay.,49,https://colorcocktailfactory.com/activities/dildos-and-bottles,internal
https://colorcocktailfactory.com/activities/pussy-pottery,https://colorcocktailfactory.com/activities/pussy-pottery,200,Pussy Pottery | Color Cocktail Factory,38,"Create expressive, body-inspired ceramic art.",45,https://colorcocktailfactory.com/activities/pussy-pottery,internal
https://colorcocktailfactory.com/activities/online-cauldron,https://colorcocktailfactory.com/activities/online-cauldron,200,Live Online Cauldron Pottery | Color Cocktail Factory,53,Make a clay cauldron in a guided workshop from home.,52,https://colorcocktailfactory.com/activities/online-cauldron,internal
https://colorcocktailfactory.com/activities/private-parties,https://colorcocktailfactory.com/activities/private-parties,200,Request a Private Event | Color Cocktail Factory,48,"Tell us what you're planning and we'll reply with workshop options, pricing, and available dates.",97,https://colorcocktailfactory.com/activities/private-parties,internal
https://colorcocktailfactory.com/activities/handbuilding,https://colorcocktailfactory.com/activities/handbuilding,200,Handbuilding Pottery | Color Cocktail Factory,45,"No wheel needed. Build cups, bowls, planters, and sculptural pieces using slab + pinch techniques. Great for groups and beginners.",130,https://colorcocktailfactory.com/activities/handbuilding,internal
https://colorcocktailfactory.com/activities/glass-blowing,https://colorcocktailfactory.com/activities/glass-blowing,200,Glass Blowing (Coming Soon) | Color Cocktail Factory,52,We're building this. Want early access? Join the waitlist and we'll notify you as soon as the first sessions drop.,114,https://colorcocktailfactory.com/activities/glass-blowing,internal
https://colorcocktailfactory.com/activities/paper-pigment,https://colorcocktailfactory.com/activities/paper-pigment,200,Paper & Pigment | Color Cocktail Factory,40,Watercolor that feels premium and modern: from making your own paint to weekly sessions and online classes.,107,https://colorcocktailfactory.com/activities/paper-pigment,internal
https://colorcocktailfactory.com/activities/painting,https://colorcocktailfactory.com/activities/painting,200,Painting Department | Color Cocktail Factory,44,"Acrylic painting nights, themed sessions, and easy-to-love projects. Come for the vibes, leave with a painting you're proud of.",127,https://colorcocktailfactory.com/activities/painting,internal
https://colorcocktailfactory.com/activities/parent-and-me,https://colorcocktailfactory.com/activities/parent-and-me,200,Parent & Me Classes | Color Cocktail Factory,44,"A kid-friendly creative session where parents and kids make together. Easy projects, guided steps, and maximum proud smiles.",124,https://colorcocktailfactory.com/activities/parent-and-me,internal
https://colorcocktailfactory.com/activities/gift-cards,https://colorcocktailfactory.com/activities/gift-cards,200,Gift Cards | Color Cocktail Factory,35,"Holiday mode: activated. Gift cards work for pottery, mosaics, Turkish lamps, glass fusion, bonsai, terrariums, candle making, watercolor, painting nights — the whole creative universe.",185,https://colorcocktailfactory.com/activities/gift-cards,internal
https://colorcocktailfactory.com/chicago/private-parties,https://colorcocktailfactory.com/chicago/private-parties,200,Request a Private Event in Chicago | Color Cocktail Factory,59,"Tell us what you're planning and we'll reply with workshop options, pricing, and available dates. Located in Chicago. Beginner-friendly. Book your spot today! Team-building, Birthdays, Bachelorettes.",199,https://colorcocktailfactory.com/chicago/private-parties,internal
https://colorcocktailfactory.com/chicago/date-night-wheel,https://colorcocktailfactory.com/chicago/date-night-wheel,200,Date Night on the Wheel in Chicago | Color Cocktail Factory,59,"Two people, one wheel, and a hilariously fun learning curve. Guided step-by-step. Leave with real memories (and maybe a lopsided masterpiece). Located in Chicago. Beginner-friendly. Book your spot today! Beginner-friendly, Romantic, Giftable.",242,https://colorcocktailfactory.com/chicago/date-night-wheel,internal
https://colorcocktailfactory.com/chicago/beginner-wheel,https://colorcocktailfactory.com/chicago/beginner-wheel,200,Wheel Throwing for Beginners in Chicago | Color Cocktail Factory,64,"Your first spin on the wheel. Learn centering, pulling, and shaping with hands-on coaching. You'll leave with new skills and a serious clay grin. Located in Chicago. Beginner-friendly. Book your spot today! Beginner-friendly, Hands-on, Skill-building.",251,https://colorcocktailfactory.com/chicago/beginner-wheel,internal
https://colorcocktailfactory.com/chicago/handbuilding,https://colorcocktailfactory.com/chicago/handbuilding,200,Handbuilding Pottery in Chicago | Color Cocktail Factory,56,"No wheel needed. Build cups, bowls, planters, and sculptural pieces using slab + pinch techniques. Great for groups and beginners. Located in Chicago. Beginner-friendly. Book your spot today! Beginner-friendly, Relaxing, Group-friendly.",236,https://colorcocktailfactory.com/chicago/handbuilding,internal
https://colorcocktailfactory.com/chicago/mosaic,https://colorcocktailfactory.com/chicago/mosaic,200,Beginner Mosaic Class in Chicago | Color Cocktail Factory,57,"Turn colorful pieces into a finished artwork you'll actually want to display. High satisfaction, low stress — and wildly giftable. Located in Chicago. Beginner-friendly. Book your spot today! Beginner-friendly, Relaxing, Group-friendly.",236,https://colorcocktailfactory.com/chicago/mosaic,internal
https://colorcocktailfactory.com/chicago/turkish-lamp,https://colorcocktailfactory.com/chicago/turkish-lamp,200,Turkish Lamp Mosaic in Chicago | Color Cocktail Factory,55,"Build a lamp that looks like it belongs in a movie scene. Bright glass pieces, warm light, and the most satisfying final reveal. Located in Chicago. Beginner-friendly. Book your spot today! Iconic, Premium, Best gift.",217,https://colorcocktailfactory.com/chicago/turkish-lamp,internal
https://colorcocktailfactory.com/chicago/glass-fusion,https://colorcocktailfactory.com/chicago/glass-fusion,200,Glass Fusion in Chicago | Color Cocktail Factory,48,"Layer, compose, and create a piece that gets kiln-fired into glossy, luminous glass art. Super premium feel — no glass experience required. Located in Chicago. Beginner-friendly. Book your spot today! Premium, Beginner-friendly, Luminous.",238,https://colorcocktailfactory.com/chicago/glass-fusion,internal
https://colorcocktailfactory.com/chicago/glass-blowing,https://colorcocktailfactory.com/chicago/glass-blowing,200,Glass Blowing (Coming Soon) in Chicago | Color Cocktail Factory,63,"We're building this. Want early access? Join the waitlist and we'll notify you as soon as the first sessions drop. Located in Chicago. Beginner-friendly. Book your spot today! Coming soon, Premium, Limited seats.",212,https://colorcocktailfactory.com/chicago/glass-blowing,internal
https://colorcocktailfactory.com/chicago/bonsai,https://colorcocktailfactory.com/chicago/bonsai,200,Bonsai Class in Chicago | Color Cocktail Factory,48,"Learn styling, pruning, wiring basics, and how to care for a living sculpture. Calm energy, high skill payoff. Located in Chicago. Beginner-friendly. Book your spot today! Nature, Mindful, Hands-on.",198,https://colorcocktailfactory.com/chicago/bonsai,internal
https://colorcocktailfactory.com/chicago/terrarium,https://colorcocktailfactory.com/chicago/terrarium,200,Terrarium Class in Chicago | Color Cocktail Factory,51,"Build a tiny ecosystem in glass. Layer, plant, decorate — and walk out with a living centerpiece. Located in Chicago. Beginner-friendly. Book your spot today! Beginner-friendly, Nature, Giftable.",195,https://colorcocktailfactory.com/chicago/terrarium,internal
https://colorcocktailfactory.com/chicago/candle-making,https://colorcocktailfactory.com/chicago/candle-making,200,Organic Candle Making in Chicago | Color Cocktail Factory,57,"Blend scents, pour wax, and leave with a candle that smells like '˜I have my life together' (even if you don't). Located in Chicago. Beginner-friendly. Book your spot today! Cozy, Giftable, Beginner-friendly.",208,https://colorcocktailfactory.com/chicago/candle-making,internal
https://colorcocktailfactory.com/chicago/wine-glass-painting,https://colorcocktailfactory.com/chicago/wine-glass-painting,200,Wine Glass Painting in Chicago | Color Cocktail Factory,55,"Paint a set that's uniquely yours. Stencils optional. Vibes mandatory. Located in Chicago. Beginner-friendly. Book your spot today! Beginner-friendly, Group-friendly, Take-home.",177,https://colorcocktailfactory.com/chicago/wine-glass-painting,internal
https://colorcocktailfactory.com/chicago/paper-pigment,https://colorcocktailfactory.com/chicago/paper-pigment,200,Paper & Pigment in Chicago | Color Cocktail Factory,51,"Watercolor that feels premium and modern: from making your own paint to weekly sessions and online classes. Located in Chicago. Beginner-friendly. Book your spot today! Beginner-friendly, Premium, Mindful.",205,https://colorcocktailfactory.com/chicago/paper-pigment,internal
https://colorcocktailfactory.com/chicago/painting,https://colorcocktailfactory.com/chicago/painting,200,Painting Department in Chicago | Color Cocktail Factory,55,"Acrylic painting nights, themed sessions, and easy-to-love projects. Come for the vibes, leave with a painting you're proud of. Located in Chicago. Beginner-friendly. Book your spot today! Beginner-friendly, Group-friendly, Great for dates.",240,https://colorcocktailfactory.com/chicago/painting,internal
https://colorcocktailfactory.com/chicago/parent-and-me,https://colorcocktailfactory.com/chicago/parent-and-me,200,Parent & Me Classes in Chicago | Color Cocktail Factory,55,"A kid-friendly creative session where parents and kids make together. Easy projects, guided steps, and maximum proud smiles. Located in Chicago. Beginner-friendly. Book your spot today! Kid-friendly, Beginner-friendly, Weekend.",227,https://colorcocktailfactory.com/chicago/parent-and-me,internal
https://colorcocktailfactory.com/chicago/gift-cards,https://colorcocktailfactory.com/chicago/gift-cards,200,Gift Cards in Chicago | Color Cocktail Factory,46,"Holiday mode: activated. Gift cards work for pottery, mosaics, Turkish lamps, glass fusion, bonsai, terrariums, candle making, watercolor, painting nights — the whole creative universe. Located in Chicago. Beginner-friendly. Book your spot today! Instant delivery, Works for any class, Perfect for couples.",306,https://colorcocktailfactory.com/chicago/gift-cards,internal
https://colorcocktailfactory.com/eugene/private-parties,https://colorcocktailfactory.com/eugene/private-parties,200,Request a Private Event in Eugene | Color Cocktail Factory,58,"Tell us what you're planning and we'll reply with workshop options, pricing, and available dates. Located in Eugene. Beginner-friendly. Book your spot today! Team-building, Birthdays, Bachelorettes.",198,https://colorcocktailfactory.com/eugene/private-parties,internal
https://colorcocktailfactory.com/eugene/date-night-wheel,https://colorcocktailfactory.com/eugene/date-night-wheel,200,Date Night on the Wheel in Eugene | Color Cocktail Factory,58,"Two people, one wheel, and a hilariously fun learning curve. Guided step-by-step. Leave with real memories (and maybe a lopsided masterpiece). Located in Eugene. Beginner-friendly. Book your spot today! Beginner-friendly, Romantic, Giftable.",241,https://colorcocktailfactory.com/eugene/date-night-wheel,internal
https://colorcocktailfactory.com/eugene/beginner-wheel,https://colorcocktailfactory.com/eugene/beginner-wheel,200,Wheel Throwing for Beginners in Eugene | Color Cocktail Factory,63,"Your first spin on the wheel. Learn centering, pulling, and shaping with hands-on coaching. You'll leave with new skills and a serious clay grin. Located in Eugene. Beginner-friendly. Book your spot today! Beginner-friendly, Hands-on, Skill-building.",250,https://colorcocktailfactory.com/eugene/beginner-wheel,internal
https://colorcocktailfactory.com/eugene/handbuilding,https://colorcocktailfactory.com/eugene/handbuilding,200,Handbuilding Pottery in Eugene | Color Cocktail Factory,55,"No wheel needed. Build cups, bowls, planters, and sculptural pieces using slab + pinch techniques. Great for groups and beginners. Located in Eugene. Beginner-friendly. Book your spot today! Beginner-friendly, Relaxing, Group-friendly.",235,https://colorcocktailfactory.com/eugene/handbuilding,internal
https://colorcocktailfactory.com/eugene/mosaic,https://colorcocktailfactory.com/eugene/mosaic,200,Beginner Mosaic Class in Eugene | Color Cocktail Factory,56,"Turn colorful pieces into a finished artwork you'll actually want to display. High satisfaction, low stress — and wildly giftable. Located in Eugene. Beginner-friendly. Book your spot today! Beginner-friendly, Relaxing, Group-friendly.",235,https://colorcocktailfactory.com/eugene/mosaic,internal
https://colorcocktailfactory.com/eugene/turkish-lamp,https://colorcocktailfactory.com/eugene/turkish-lamp,200,Turkish Lamp Mosaic in Eugene | Color Cocktail Factory,54,"Build a lamp that looks like it belongs in a movie scene. Bright glass pieces, warm light, and the most satisfying final reveal. Located in Eugene. Beginner-friendly. Book your spot today! Iconic, Premium, Best gift.",216,https://colorcocktailfactory.com/eugene/turkish-lamp,internal
https://colorcocktailfactory.com/eugene/glass-fusion,https://colorcocktailfactory.com/eugene/glass-fusion,200,Glass Fusion in Eugene | Color Cocktail Factory,47,"Layer, compose, and create a piece that gets kiln-fired into glossy, luminous glass art. Super premium feel — no glass experience required. Located in Eugene. Beginner-friendly. Book your spot today! Premium, Beginner-friendly, Luminous.",237,https://colorcocktailfactory.com/eugene/glass-fusion,internal
https://colorcocktailfactory.com/eugene/glass-blowing,https://colorcocktailfactory.com/eugene/glass-blowing,200,Glass Blowing (Coming Soon) in Eugene | Color Cocktail Factory,62,"We're building this. Want early access? Join the waitlist and we'll notify you as soon as the first sessions drop. Located in Eugene. Beginner-friendly. Book your spot today! Coming soon, Premium, Limited seats.",211,https://colorcocktailfactory.com/eugene/glass-blowing,internal
https://colorcocktailfactory.com/eugene/bonsai,https://colorcocktailfactory.com/eugene/bonsai,200,Bonsai Class in Eugene | Color Cocktail Factory,47,"Learn styling, pruning, wiring basics, and how to care for a living sculpture. Calm energy, high skill payoff. Located in Eugene. Beginner-friendly. Book your spot today! Nature, Mindful, Hands-on.",197,https://colorcocktailfactory.com/eugene/bonsai,internal
https://colorcocktailfactory.com/eugene/terrarium,https://colorcocktailfactory.com/eugene/terrarium,200,Terrarium Class in Eugene | Color Cocktail Factory,50,"Build a tiny ecosystem in glass. Layer, plant, decorate — and walk out with a living centerpiece. Located in Eugene. Beginner-friendly. Book your spot today! Beginner-friendly, Nature, Giftable.",194,https://colorcocktailfactory.com/eugene/terrarium,internal
https://colorcocktailfactory.com/eugene/candle-making,https://colorcocktailfactory.com/eugene/candle-making,200,Organic Candle Making in Eugene | Color Cocktail Factory,56,"Blend scents, pour wax, and leave with a candle that smells like '˜I have my life together' (even if you don't). Located in Eugene. Beginner-friendly. Book your spot today! Cozy, Giftable, Beginner-friendly.",207,https://colorcocktailfactory.com/eugene/candle-making,internal
https://colorcocktailfactory.com/eugene/wine-glass-painting,https://colorcocktailfactory.com/eugene/wine-glass-painting,200,Wine Glass Painting in Eugene | Color Cocktail Factory,54,"Paint a set that's uniquely yours. Stencils optional. Vibes mandatory. Located in Eugene. Beginner-friendly. Book your spot today! Beginner-friendly, Group-friendly, Take-home.",176,https://colorcocktailfactory.com/eugene/wine-glass-painting,internal
https://colorcocktailfactory.com/eugene/paper-pigment,https://colorcocktailfactory.com/eugene/paper-pigment,200,Paper & Pigment in Eugene | Color Cocktail Factory,50,"Watercolor that feels premium and modern: from making your own paint to weekly sessions and online classes. Located in Eugene. Beginner-friendly. Book your spot today! Beginner-friendly, Premium, Mindful.",204,https://colorcocktailfactory.com/eugene/paper-pigment,internal
https://colorcocktailfactory.com/eugene/painting,https://colorcocktailfactory.com/eugene/painting,200,Painting Department in Eugene | Color Cocktail Factory,54,"Acrylic painting nights, themed sessions, and easy-to-love projects. Come for the vibes, leave with a painting you're proud of. Located in Eugene. Beginner-friendly. Book your spot today! Beginner-friendly, Group-friendly, Great for dates.",239,https://colorcocktailfactory.com/eugene/painting,internal
https://colorcocktailfactory.com/eugene/parent-and-me,https://colorcocktailfactory.com/eugene/parent-and-me,200,Parent & Me Classes in Eugene | Color Cocktail Factory,54,"A kid-friendly creative session where parents and kids make together. Easy projects, guided steps, and maximum proud smiles. Located in Eugene. Beginner-friendly. Book your spot today! Kid-friendly, Beginner-friendly, Weekend.",226,https://colorcocktailfactory.com/eugene/parent-and-me,internal
https://colorcocktailfactory.com/eugene/gift-cards,https://colorcocktailfactory.com/eugene/gift-cards,200,Gift Cards in Eugene | Color Cocktail Factory,45,"Holiday mode: activated. Gift cards work for pottery, mosaics, Turkish lamps, glass fusion, bonsai, terrariums, candle making, watercolor, painting nights — the whole creative universe. Located in Eugene. Beginner-friendly. Book your spot today! Instant delivery, Works for any class, Perfect for couples.",305,https://colorcocktailfactory.com/eugene/gift-cards,internal
https://colorcocktailfactory.com/blog,https://colorcocktailfactory.com/blog,200,"Blog - Pottery Tips, Creative Ideas & Workshop Guides | Color Cocktail Factory",78,"Expert pottery tutorials, date night ideas, creative workshop guides, and ceramic art inspiration from Color Cocktail Factory in Chicago & Eugene.",146,https://colorcocktailfactory.com/blog,internal
https://colorcocktailfactory.com/blog/pottery-101-beginners-guide,https://colorcocktailfactory.com/blog/pottery-101-beginners-guide,200,Pottery 101: A Beginner's Guide to Getting Started with Ceramics | Color Cocktail Factory,89,Everything you need to know to start your pottery journey - from choosing clay to mastering the wheel. Perfect for complete beginners!,134,https://colorcocktailfactory.com/blog/pottery-101-beginners-guide,internal
https://colorcocktailfactory.com/blog/chicago-date-night-ideas,https://colorcocktailfactory.com/blog/chicago-date-night-ideas,200,10 Unique Date Night Ideas in Chicago (Beyond Dinner & Movies) | Color Cocktail Factory,87,"Discover the best creative date night experiences in Chicago, from pottery classes to glass fusion workshops. Make memories that last!",134,https://colorcocktailfactory.com/blog/chicago-date-night-ideas,internal
https://colorcocktailfactory.com/blog/eugene-date-night-ideas,https://colorcocktailfactory.com/blog/eugene-date-night-ideas,200,"10 Romantic Date Night Ideas in Eugene, Oregon (Creative & Unique) | Color Cocktail Factory",91,"Explore the best creative date experiences in Eugene - from pottery workshops to glass art. Perfect for couples seeking unique, hands-on activities!",148,https://colorcocktailfactory.com/blog/eugene-date-night-ideas,internal
https://colorcocktailfactory.com/blog/pilsen-student-guide,https://colorcocktailfactory.com/blog/pilsen-student-guide,200,Student Guide to Chicago's Pilsen Neighborhood: What to Do Before & After Class | Color Cocktail Factory,104,"Discover the best coffee shops, murals, restaurants, and nightlife in Pilsen. Your complete guide to exploring Chicago's most vibrant artistic neighborhood.",156,https://colorcocktailfactory.com/blog/pilsen-student-guide,internal
https://colorcocktailfactory.com/blog/art-classes-near-me,https://colorcocktailfactory.com/blog/art-classes-near-me,200,"Art Classes Near Me: Find the Right Class for Adults, Kids, and Date Nights | Color Cocktail Factory",100,"Find art classes near you—pottery, mosaics, bonsai, and more. Choose your city, pick a time, and book in minutes. Beginner-friendly.",132,https://colorcocktailfactory.com/blog/art-classes-near-me,internal
https://colorcocktailfactory.com/blog/pottery-classes-chicago-guide,https://colorcocktailfactory.com/blog/pottery-classes-chicago-guide,200,Pottery Classes in Chicago: A Beginner's Guide to Trying the Wheel in Pilsen | Color Cocktail Factory,101,"A calm, practical guide to starting pottery in Chicago. What wheel throwing actually feels like, how to choose a class, what to wear, and what to expect at your first session in Pilsen.",185,https://colorcocktailfactory.com/blog/pottery-classes-chicago-guide,internal
https://colorcocktailfactory.com/blog/chicago-pottery-classes-beginners-guide,https://colorcocktailfactory.com/blog/chicago-pottery-classes-beginners-guide,200,Pottery Classes in Chicago: A Beginner's Guide | Color Cocktail Factory,71,"Compare wheel throwing, handbuilding, and date night pottery classes in Chicago. Learn what to expect, what to wear, and how to choose.",135,https://colorcocktailfactory.com/blog/chicago-pottery-classes-beginners-guide,internal
https://colorcocktailfactory.com/author/yahya-moosavi,https://colorcocktailfactory.com/author/yahya-moosavi,200,"Yahya Moosavi — Artist, Potter & Founder, Color Cocktail Factory | Color Cocktail Factory",89,"Yahya Moosavi is an artist, potter, educator, and founder of Color Cocktail Factory. He is a graduate and former faculty member of the School of the Art Institute of Chicago. Through CCF, he has helped make pottery and other creative practices accessible as social, beginner-friendly experiences rather than activities reserved for professional artists. Yahya has taught wheel throwing to absolute beginners for 10+ years, with a calm, methodical approach that focuses on troubleshooting common mistakes and building muscle memory quickly.",539,https://colorcocktailfactory.com/author/yahya-moosavi,internal
https://colorcocktailfactory.com/team-building,https://colorcocktailfactory.com/team-building,200,Team Building Workshops | Corporate Events in Chicago & Eugene | Color Cocktail Factory,87,"Boost morale and creativity with hands-on team building workshops. Pottery, glass fusion, mosaics & more. Perfect for corporate events, office parties, and team bonding. Chicago & Eugene.",187,https://colorcocktailfactory.com/team-building,internal
https://colorcocktailfactory.com/birthday-parties,https://colorcocktailfactory.com/birthday-parties,200,Adult Birthday Party Venue Chicago & Eugene | Color Cocktail Factory,68,"Private, guided art birthday experiences for adults in Chicago (Pilsen) and Eugene, OR. Pottery wheel, paint, mosaics, candles & more. BYOB. 21+ friendly. Milestone-worthy. $55–$95/person.",188,https://colorcocktailfactory.com/birthday-parties,internal
https://colorcocktailfactory.com/bachelorette-parties,https://colorcocktailfactory.com/bachelorette-parties,200,Bachelorette Party Workshops | Creative Events in Chicago & Eugene | Color Cocktail Factory,91,"Make your bachelorette party unforgettable with hands-on pottery, mosaics, glass fusion & more! BYOB friendly, Instagram-worthy, and totally unique. Chicago & Eugene locations.",176,https://colorcocktailfactory.com/bachelorette-parties,internal
https://colorcocktailfactory.com/,https://colorcocktailfactory.com/,200,Color Cocktail Factory | Pottery & Creative Workshops in Chicago & Eugene,73,"Choose your location: Expert-guided pottery, glass fusion, mosaics & more in Chicago (Pilsen) and Eugene, Oregon. BYOB, beginner-friendly creative experiences.",159,https://colorcocktailfactory.com,internal
https://colorcocktailfactory.com/book/chicago/beginner-wheel,https://colorcocktailfactory.as.me/schedule/a8dfb300/?appointmentTypeIds[]=79006616,200,Schedule Appointment with Color Cocktail Factory,48,Schedule your appointment online Color Cocktail Factory,55,https://app.acuityscheduling.com/schedule.php?owner=35932879,external booking destination
https://colorcocktailfactory.com/book/chicago/bonsai,https://colorcocktailfactory.as.me/schedule/a8dfb300/?appointmentTypeIds[]=79188910,200,Schedule Appointment with Color Cocktail Factory,48,Schedule your appointment online Color Cocktail Factory,55,https://app.acuityscheduling.com/schedule.php?owner=35932879,external booking destination
https://colorcocktailfactory.com/book/chicago/candle-making,https://colorcocktailfactory.as.me/schedule/a8dfb300/?appointmentTypeIds[]=79185767,200,Schedule Appointment with Color Cocktail Factory,48,Schedule your appointment online Color Cocktail Factory,55,https://app.acuityscheduling.com/schedule.php?owner=35932879,external booking destination
https://colorcocktailfactory.com/book/chicago/date-night-wheel,https://colorcocktailfactory.as.me/schedule/a8dfb300/?appointmentTypeIds[]=79006071,200,Schedule Appointment with Color Cocktail Factory,48,Schedule your appointment online Color Cocktail Factory,55,https://app.acuityscheduling.com/schedule.php?owner=35932879,external booking destination
https://colorcocktailfactory.com/book/chicago/glass-fusion,https://colorcocktailfactory.as.me/schedule/a8dfb300/?appointmentTypeIds[]=79183146,200,Schedule Appointment with Color Cocktail Factory,48,Schedule your appointment online Color Cocktail Factory,55,https://app.acuityscheduling.com/schedule.php?owner=35932879,external booking destination
https://colorcocktailfactory.com/book/chicago/handbuilding,https://colorcocktailfactory.as.me/schedule/a8dfb300,200,Schedule Appointment with Color Cocktail Factory,48,Schedule your appointment online Color Cocktail Factory,55,https://app.acuityscheduling.com/schedule.php?owner=35932879,external booking destination
https://colorcocktailfactory.com/book/chicago/mosaic,https://colorcocktailfactory.as.me/schedule/a8dfb300/?appointmentTypeIds[]=79182319,200,Schedule Appointment with Color Cocktail Factory,48,Schedule your appointment online Color Cocktail Factory,55,https://app.acuityscheduling.com/schedule.php?owner=35932879,external booking destination
https://colorcocktailfactory.com/book/chicago/painting,https://colorcocktailfactory.as.me/schedule/a8dfb300,200,Schedule Appointment with Color Cocktail Factory,48,Schedule your appointment online Color Cocktail Factory,55,https://app.acuityscheduling.com/schedule.php?owner=35932879,external booking destination
https://colorcocktailfactory.com/book/chicago/paper-pigment,https://colorcocktailfactory.as.me/schedule/a8dfb300,200,Schedule Appointment with Color Cocktail Factory,48,Schedule your appointment online Color Cocktail Factory,55,https://app.acuityscheduling.com/schedule.php?owner=35932879,external booking destination
https://colorcocktailfactory.com/book/chicago/parent-and-me,https://colorcocktailfactory.as.me/schedule/a8dfb300,200,Schedule Appointment with Color Cocktail Factory,48,Schedule your appointment online Color Cocktail Factory,55,https://app.acuityscheduling.com/schedule.php?owner=35932879,external booking destination
https://colorcocktailfactory.com/book/chicago/terrarium,https://colorcocktailfactory.as.me/schedule/a8dfb300/?appointmentTypeIds[]=79189013,200,Schedule Appointment with Color Cocktail Factory,48,Schedule your appointment online Color Cocktail Factory,55,https://app.acuityscheduling.com/schedule.php?owner=35932879,external booking destination
https://colorcocktailfactory.com/book/chicago/turkish-lamp,https://colorcocktailfactory.as.me/schedule/a8dfb300/?appointmentTypeIds[]=95416771,200,Schedule Appointment with Color Cocktail Factory,48,Schedule your appointment online Color Cocktail Factory,55,https://app.acuityscheduling.com/schedule.php?owner=35932879,external booking destination
https://colorcocktailfactory.com/book/chicago/wine-glass-painting,https://colorcocktailfactory.as.me/schedule/a8dfb300/?appointmentTypeIds[]=79374003,200,Schedule Appointment with Color Cocktail Factory,48,Schedule your appointment online Color Cocktail Factory,55,https://app.acuityscheduling.com/schedule.php?owner=35932879,external booking destination
https://colorcocktailfactory.com/book/eugene/beginner-wheel,https://colorcocktailfactory.as.me/schedule/a8dfb300/?appointmentTypeIds[]=93539343,200,Schedule Appointment with Color Cocktail Factory,48,Schedule your appointment online Color Cocktail Factory,55,https://app.acuityscheduling.com/schedule.php?owner=35932879,external booking destination
https://colorcocktailfactory.com/book/eugene/bonsai,https://colorcocktailfactory.as.me/schedule/a8dfb300/?appointmentTypeIds[]=94058299,200,Schedule Appointment with Color Cocktail Factory,48,Schedule your appointment online Color Cocktail Factory,55,https://app.acuityscheduling.com/schedule.php?owner=35932879,external booking destination
https://colorcocktailfactory.com/book/eugene/candle-making,https://colorcocktailfactory.as.me/schedule/a8dfb300/?categories[]=Eugene%20Classes,200,Schedule Appointment with Color Cocktail Factory,48,Schedule your appointment online Color Cocktail Factory,55,https://app.acuityscheduling.com/schedule.php?owner=35932879,external booking destination
https://colorcocktailfactory.com/book/eugene/date-night-wheel,https://colorcocktailfactory.as.me/schedule/a8dfb300/?appointmentTypeIds[]=91935746,200,Schedule Appointment with Color Cocktail Factory,48,Schedule your appointment online Color Cocktail Factory,55,https://app.acuityscheduling.com/schedule.php?owner=35932879,external booking destination
https://colorcocktailfactory.com/book/eugene/glass-fusion,https://colorcocktailfactory.as.me/schedule/a8dfb300/?categories[]=Eugene%20Classes,200,Schedule Appointment with Color Cocktail Factory,48,Schedule your appointment online Color Cocktail Factory,55,https://app.acuityscheduling.com/schedule.php?owner=35932879,external booking destination
https://colorcocktailfactory.com/book/eugene/handbuilding,https://colorcocktailfactory.as.me/schedule/a8dfb300/?appointmentTypeIds[]=90210750&appointmentTypeIds[]=90211026&appointmentTypeIds[]=90532757,200,Schedule Appointment with Color Cocktail Factory,48,Schedule your appointment online Color Cocktail Factory,55,https://app.acuityscheduling.com/schedule.php?owner=35932879,external booking destination
https://colorcocktailfactory.com/book/eugene/mosaic,https://colorcocktailfactory.as.me/schedule/a8dfb300/?appointmentTypeIds[]=89288998,200,Schedule Appointment with Color Cocktail Factory,48,Schedule your appointment online Color Cocktail Factory,55,https://app.acuityscheduling.com/schedule.php?owner=35932879,external booking destination
https://colorcocktailfactory.com/book/eugene/painting,https://colorcocktailfactory.as.me/schedule/a8dfb300/?appointmentTypeIds[]=95909935&appointmentTypeIds[]=96478474&appointmentTypeIds[]=94058109&appointmentTypeIds[]=94932997,200,Schedule Appointment with Color Cocktail Factory,48,Schedule your appointment online Color Cocktail Factory,55,https://app.acuityscheduling.com/schedule.php?owner=35932879,external booking destination
https://colorcocktailfactory.com/book/eugene/paper-pigment,https://colorcocktailfactory.as.me/schedule/a8dfb300/?appointmentTypeIds[]=95909935&appointmentTypeIds[]=96478474&appointmentTypeIds[]=94058109&appointmentTypeIds[]=94932997,200,Schedule Appointment with Color Cocktail Factory,48,Schedule your appointment online Color Cocktail Factory,55,https://app.acuityscheduling.com/schedule.php?owner=35932879,external booking destination
https://colorcocktailfactory.com/book/eugene/parent-and-me,https://colorcocktailfactory.as.me/schedule/a8dfb300/?categories[]=Eugene%20Classes,200,Schedule Appointment with Color Cocktail Factory,48,Schedule your appointment online Color Cocktail Factory,55,https://app.acuityscheduling.com/schedule.php?owner=35932879,external booking destination
https://colorcocktailfactory.com/book/eugene/terrarium,https://colorcocktailfactory.as.me/schedule/a8dfb300/?appointmentTypeIds[]=89290193,200,Schedule Appointment with Color Cocktail Factory,48,Schedule your appointment online Color Cocktail Factory,55,https://app.acuityscheduling.com/schedule.php?owner=35932879,external booking destination
https://colorcocktailfactory.com/book/eugene/turkish-lamp,https://colorcocktailfactory.as.me/schedule/a8dfb300/?categories[]=Eugene%20Classes,200,Schedule Appointment with Color Cocktail Factory,48,Schedule your appointment online Color Cocktail Factory,55,https://app.acuityscheduling.com/schedule.php?owner=35932879,external booking destination
https://colorcocktailfactory.com/book/eugene/wine-glass-painting,https://colorcocktailfactory.as.me/schedule/a8dfb300/?appointmentTypeIds[]=95909935,200,Schedule Appointment with Color Cocktail Factory,48,Schedule your appointment online Color Cocktail Factory,55,https://app.acuityscheduling.com/schedule.php?owner=35932879,external booking destination
https://colorcocktailfactory.com/chicago/bath-bombs,https://colorcocktailfactory.com/chicago/bath-bombs,404,"Color Cocktail Factory — Premium Creative Workshops in Chicago & Eugene | Pottery, Glass Art & More",99,"Book unique, hands-on creative workshops in Chicago & Eugene. Expert-led pottery classes, wheel throwing, Turkish lamp making, glass fusion, mosaics, bonsai, candle making & more. Perfect for date nights, team building, birthdays, and bachelorette parties. Same-day availability. Beginner-friendly.",298,,internal
https://colorcocktailfactory.com/chicago/bunny-cup,https://colorcocktailfactory.com/chicago/bunny-cup,404,"Color Cocktail Factory — Premium Creative Workshops in Chicago & Eugene | Pottery, Glass Art & More",99,"Book unique, hands-on creative workshops in Chicago & Eugene. Expert-led pottery classes, wheel throwing, Turkish lamp making, glass fusion, mosaics, bonsai, candle making & more. Perfect for date nights, team building, birthdays, and bachelorette parties. Same-day availability. Beginner-friendly.",298,,internal
https://colorcocktailfactory.com/chicago/cat-vase,https://colorcocktailfactory.com/chicago/cat-vase,404,"Color Cocktail Factory — Premium Creative Workshops in Chicago & Eugene | Pottery, Glass Art & More",99,"Book unique, hands-on creative workshops in Chicago & Eugene. Expert-led pottery classes, wheel throwing, Turkish lamp making, glass fusion, mosaics, bonsai, candle making & more. Perfect for date nights, team building, birthdays, and bachelorette parties. Same-day availability. Beginner-friendly.",298,,internal
https://colorcocktailfactory.com/chicago/cup-bowl,https://colorcocktailfactory.com/chicago/cup-bowl,404,"Color Cocktail Factory — Premium Creative Workshops in Chicago & Eugene | Pottery, Glass Art & More",99,"Book unique, hands-on creative workshops in Chicago & Eugene. Expert-led pottery classes, wheel throwing, Turkish lamp making, glass fusion, mosaics, bonsai, candle making & more. Perfect for date nights, team building, birthdays, and bachelorette parties. Same-day availability. Beginner-friendly.",298,,internal
https://colorcocktailfactory.com/chicago/cup-creations,https://colorcocktailfactory.com/chicago/cup-creations,404,"Color Cocktail Factory — Premium Creative Workshops in Chicago & Eugene | Pottery, Glass Art & More",99,"Book unique, hands-on creative workshops in Chicago & Eugene. Expert-led pottery classes, wheel throwing, Turkish lamp making, glass fusion, mosaics, bonsai, candle making & more. Perfect for date nights, team building, birthdays, and bachelorette parties. Same-day availability. Beginner-friendly.",298,,internal
https://colorcocktailfactory.com/chicago/dildos,https://colorcocktailfactory.com/chicago/dildos,404,"Color Cocktail Factory — Premium Creative Workshops in Chicago & Eugene | Pottery, Glass Art & More",99,"Book unique, hands-on creative workshops in Chicago & Eugene. Expert-led pottery classes, wheel throwing, Turkish lamp making, glass fusion, mosaics, bonsai, candle making & more. Perfect for date nights, team building, birthdays, and bachelorette parties. Same-day availability. Beginner-friendly.",298,,internal
https://colorcocktailfactory.com/chicago/egg-tempera,https://colorcocktailfactory.com/chicago/egg-tempera,404,"Color Cocktail Factory — Premium Creative Workshops in Chicago & Eugene | Pottery, Glass Art & More",99,"Book unique, hands-on creative workshops in Chicago & Eugene. Expert-led pottery classes, wheel throwing, Turkish lamp making, glass fusion, mosaics, bonsai, candle making & more. Perfect for date nights, team building, birthdays, and bachelorette parties. Same-day availability. Beginner-friendly.",298,,internal
https://colorcocktailfactory.com/chicago/heart-bowl,https://colorcocktailfactory.com/chicago/heart-bowl,404,"Color Cocktail Factory — Premium Creative Workshops in Chicago & Eugene | Pottery, Glass Art & More",99,"Book unique, hands-on creative workshops in Chicago & Eugene. Expert-led pottery classes, wheel throwing, Turkish lamp making, glass fusion, mosaics, bonsai, candle making & more. Perfect for date nights, team building, birthdays, and bachelorette parties. Same-day availability. Beginner-friendly.",298,,internal
https://colorcocktailfactory.com/chicago/kurinuki,https://colorcocktailfactory.com/chicago/kurinuki,404,"Color Cocktail Factory — Premium Creative Workshops in Chicago & Eugene | Pottery, Glass Art & More",99,"Book unique, hands-on creative workshops in Chicago & Eugene. Expert-led pottery classes, wheel throwing, Turkish lamp making, glass fusion, mosaics, bonsai, candle making & more. Perfect for date nights, team building, birthdays, and bachelorette parties. Same-day availability. Beginner-friendly.",298,,internal
https://colorcocktailfactory.com/chicago/matcha-bowl,https://colorcocktailfactory.com/chicago/matcha-bowl,404,"Color Cocktail Factory — Premium Creative Workshops in Chicago & Eugene | Pottery, Glass Art & More",99,"Book unique, hands-on creative workshops in Chicago & Eugene. Expert-led pottery classes, wheel throwing, Turkish lamp making, glass fusion, mosaics, bonsai, candle making & more. Perfect for date nights, team building, birthdays, and bachelorette parties. Same-day availability. Beginner-friendly.",298,,internal
https://colorcocktailfactory.com/chicago/oil-painting,https://colorcocktailfactory.com/chicago/oil-painting,404,"Color Cocktail Factory — Premium Creative Workshops in Chicago & Eugene | Pottery, Glass Art & More",99,"Book unique, hands-on creative workshops in Chicago & Eugene. Expert-led pottery classes, wheel throwing, Turkish lamp making, glass fusion, mosaics, bonsai, candle making & more. Perfect for date nights, team building, birthdays, and bachelorette parties. Same-day availability. Beginner-friendly.",298,,internal
https://colorcocktailfactory.com/chicago/online-painting,https://colorcocktailfactory.com/chicago/online-painting,404,"Color Cocktail Factory — Premium Creative Workshops in Chicago & Eugene | Pottery, Glass Art & More",99,"Book unique, hands-on creative workshops in Chicago & Eugene. Expert-led pottery classes, wheel throwing, Turkish lamp making, glass fusion, mosaics, bonsai, candle making & more. Perfect for date nights, team building, birthdays, and bachelorette parties. Same-day availability. Beginner-friendly.",298,,internal
https://colorcocktailfactory.com/chicago/paint-pottery,https://colorcocktailfactory.com/chicago/paint-pottery,404,"Color Cocktail Factory — Premium Creative Workshops in Chicago & Eugene | Pottery, Glass Art & More",99,"Book unique, hands-on creative workshops in Chicago & Eugene. Expert-led pottery classes, wheel throwing, Turkish lamp making, glass fusion, mosaics, bonsai, candle making & more. Perfect for date nights, team building, birthdays, and bachelorette parties. Same-day availability. Beginner-friendly.",298,,internal
https://colorcocktailfactory.com/chicago/paint-your-pet,https://colorcocktailfactory.com/chicago/paint-your-pet,404,"Color Cocktail Factory — Premium Creative Workshops in Chicago & Eugene | Pottery, Glass Art & More",99,"Book unique, hands-on creative workshops in Chicago & Eugene. Expert-led pottery classes, wheel throwing, Turkish lamp making, glass fusion, mosaics, bonsai, candle making & more. Perfect for date nights, team building, birthdays, and bachelorette parties. Same-day availability. Beginner-friendly.",298,,internal
https://colorcocktailfactory.com/chicago/pipe-ashtray,https://colorcocktailfactory.com/chicago/pipe-ashtray,404,"Color Cocktail Factory — Premium Creative Workshops in Chicago & Eugene | Pottery, Glass Art & More",99,"Book unique, hands-on creative workshops in Chicago & Eugene. Expert-led pottery classes, wheel throwing, Turkish lamp making, glass fusion, mosaics, bonsai, candle making & more. Perfect for date nights, team building, birthdays, and bachelorette parties. Same-day availability. Beginner-friendly.",298,,internal
https://colorcocktailfactory.com/chicago/rock-painting,https://colorcocktailfactory.com/chicago/rock-painting,404,"Color Cocktail Factory — Premium Creative Workshops in Chicago & Eugene | Pottery, Glass Art & More",99,"Book unique, hands-on creative workshops in Chicago & Eugene. Expert-led pottery classes, wheel throwing, Turkish lamp making, glass fusion, mosaics, bonsai, candle making & more. Perfect for date nights, team building, birthdays, and bachelorette parties. Same-day availability. Beginner-friendly.",298,,internal
https://colorcocktailfactory.com/chicago/sake-set,https://colorcocktailfactory.com/chicago/sake-set,404,"Color Cocktail Factory — Premium Creative Workshops in Chicago & Eugene | Pottery, Glass Art & More",99,"Book unique, hands-on creative workshops in Chicago & Eugene. Expert-led pottery classes, wheel throwing, Turkish lamp making, glass fusion, mosaics, bonsai, candle making & more. Perfect for date nights, team building, birthdays, and bachelorette parties. Same-day availability. Beginner-friendly.",298,,internal
https://colorcocktailfactory.com/chicago/soap-making,https://colorcocktailfactory.com/chicago/soap-making,404,"Color Cocktail Factory — Premium Creative Workshops in Chicago & Eugene | Pottery, Glass Art & More",99,"Book unique, hands-on creative workshops in Chicago & Eugene. Expert-led pottery classes, wheel throwing, Turkish lamp making, glass fusion, mosaics, bonsai, candle making & more. Perfect for date nights, team building, birthdays, and bachelorette parties. Same-day availability. Beginner-friendly.",298,,internal
https://colorcocktailfactory.com/chicago/tie-dye,https://colorcocktailfactory.com/chicago/tie-dye,404,"Color Cocktail Factory — Premium Creative Workshops in Chicago & Eugene | Pottery, Glass Art & More",99,"Book unique, hands-on creative workshops in Chicago & Eugene. Expert-led pottery classes, wheel throwing, Turkish lamp making, glass fusion, mosaics, bonsai, candle making & more. Perfect for date nights, team building, birthdays, and bachelorette parties. Same-day availability. Beginner-friendly.",298,,internal
https://colorcocktailfactory.com/chicago/vulva-cup,https://colorcocktailfactory.com/chicago/vulva-cup,404,"Color Cocktail Factory — Premium Creative Workshops in Chicago & Eugene | Pottery, Glass Art & More",99,"Book unique, hands-on creative workshops in Chicago & Eugene. Expert-led pottery classes, wheel throwing, Turkish lamp making, glass fusion, mosaics, bonsai, candle making & more. Perfect for date nights, team building, birthdays, and bachelorette parties. Same-day availability. Beginner-friendly.",298,,internal
https://colorcocktailfactory.com/chicago/watercolor,https://colorcocktailfactory.com/chicago/watercolor,404,"Color Cocktail Factory — Premium Creative Workshops in Chicago & Eugene | Pottery, Glass Art & More",99,"Book unique, hands-on creative workshops in Chicago & Eugene. Expert-led pottery classes, wheel throwing, Turkish lamp making, glass fusion, mosaics, bonsai, candle making & more. Perfect for date nights, team building, birthdays, and bachelorette parties. Same-day availability. Beginner-friendly.",298,,internal
https://colorcocktailfactory.com/chicago/wax-painting,https://colorcocktailfactory.com/chicago/wax-painting,404,"Color Cocktail Factory — Premium Creative Workshops in Chicago & Eugene | Pottery, Glass Art & More",99,"Book unique, hands-on creative workshops in Chicago & Eugene. Expert-led pottery classes, wheel throwing, Turkish lamp making, glass fusion, mosaics, bonsai, candle making & more. Perfect for date nights, team building, birthdays, and bachelorette parties. Same-day availability. Beginner-friendly.",298,,internal
https://colorcocktailfactory.com/chicago/wheel-vase,https://colorcocktailfactory.com/chicago/wheel-vase,404,"Color Cocktail Factory — Premium Creative Workshops in Chicago & Eugene | Pottery, Glass Art & More",99,"Book unique, hands-on creative workshops in Chicago & Eugene. Expert-led pottery classes, wheel throwing, Turkish lamp making, glass fusion, mosaics, bonsai, candle making & more. Perfect for date nights, team building, birthdays, and bachelorette parties. Same-day availability. Beginner-friendly.",298,,internal
https://colorcocktailfactory.com/corporate,https://colorcocktailfactory.com/corporate,308,"Color Cocktail Factory — Premium Creative Workshops in Chicago & Eugene | Pottery, Glass Art & More",99,"Book unique, hands-on creative workshops in Chicago & Eugene. Expert-led pottery classes, wheel throwing, Turkish lamp making, glass fusion, mosaics, bonsai, candle making & more. Perfect for date nights, team building, birthdays, and bachelorette parties. Same-day availability. Beginner-friendly.",298,,internal
https://colorcocktailfactory.com/eugene/candle-holder,https://colorcocktailfactory.com/eugene/candle-holder,404,"Color Cocktail Factory — Premium Creative Workshops in Chicago & Eugene | Pottery, Glass Art & More",99,"Book unique, hands-on creative workshops in Chicago & Eugene. Expert-led pottery classes, wheel throwing, Turkish lamp making, glass fusion, mosaics, bonsai, candle making & more. Perfect for date nights, team building, birthdays, and bachelorette parties. Same-day availability. Beginner-friendly.",298,,internal
https://colorcocktailfactory.com/eugene/charcuterie-board,https://colorcocktailfactory.com/eugene/charcuterie-board,404,"Color Cocktail Factory — Premium Creative Workshops in Chicago & Eugene | Pottery, Glass Art & More",99,"Book unique, hands-on creative workshops in Chicago & Eugene. Expert-led pottery classes, wheel throwing, Turkish lamp making, glass fusion, mosaics, bonsai, candle making & more. Perfect for date nights, team building, birthdays, and bachelorette parties. Same-day availability. Beginner-friendly.",298,,internal
https://colorcocktailfactory.com/eugene/chess-set,https://colorcocktailfactory.com/eugene/chess-set,404,"Color Cocktail Factory — Premium Creative Workshops in Chicago & Eugene | Pottery, Glass Art & More",99,"Book unique, hands-on creative workshops in Chicago & Eugene. Expert-led pottery classes, wheel throwing, Turkish lamp making, glass fusion, mosaics, bonsai, candle making & more. Perfect for date nights, team building, birthdays, and bachelorette parties. Same-day availability. Beginner-friendly.",298,,internal
https://colorcocktailfactory.com/eugene/clay-cauldron,https://colorcocktailfactory.com/eugene/clay-cauldron,404,"Color Cocktail Factory — Premium Creative Workshops in Chicago & Eugene | Pottery, Glass Art & More",99,"Book unique, hands-on creative workshops in Chicago & Eugene. Expert-led pottery classes, wheel throwing, Turkish lamp making, glass fusion, mosaics, bonsai, candle making & more. Perfect for date nights, team building, birthdays, and bachelorette parties. Same-day availability. Beginner-friendly.",298,,internal
https://colorcocktailfactory.com/eugene/cup-bowl,https://colorcocktailfactory.com/eugene/cup-bowl,404,"Color Cocktail Factory — Premium Creative Workshops in Chicago & Eugene | Pottery, Glass Art & More",99,"Book unique, hands-on creative workshops in Chicago & Eugene. Expert-led pottery classes, wheel throwing, Turkish lamp making, glass fusion, mosaics, bonsai, candle making & more. Perfect for date nights, team building, birthdays, and bachelorette parties. Same-day availability. Beginner-friendly.",298,,internal
https://colorcocktailfactory.com/eugene/cup-creations,https://colorcocktailfactory.com/eugene/cup-creations,404,"Color Cocktail Factory — Premium Creative Workshops in Chicago & Eugene | Pottery, Glass Art & More",99,"Book unique, hands-on creative workshops in Chicago & Eugene. Expert-led pottery classes, wheel throwing, Turkish lamp making, glass fusion, mosaics, bonsai, candle making & more. Perfect for date nights, team building, birthdays, and bachelorette parties. Same-day availability. Beginner-friendly.",298,,internal
https://colorcocktailfactory.com/eugene/duck-soap-holder,https://colorcocktailfactory.com/eugene/duck-soap-holder,404,"Color Cocktail Factory — Premium Creative Workshops in Chicago & Eugene | Pottery, Glass Art & More",99,"Book unique, hands-on creative workshops in Chicago & Eugene. Expert-led pottery classes, wheel throwing, Turkish lamp making, glass fusion, mosaics, bonsai, candle making & more. Perfect for date nights, team building, birthdays, and bachelorette parties. Same-day availability. Beginner-friendly.",298,,internal
https://colorcocktailfactory.com/eugene/matcha-bowl,https://colorcocktailfactory.com/eugene/matcha-bowl,404,"Color Cocktail Factory — Premium Creative Workshops in Chicago & Eugene | Pottery, Glass Art & More",99,"Book unique, hands-on creative workshops in Chicago & Eugene. Expert-led pottery classes, wheel throwing, Turkish lamp making, glass fusion, mosaics, bonsai, candle making & more. Perfect for date nights, team building, birthdays, and bachelorette parties. Same-day availability. Beginner-friendly.",298,,internal
https://colorcocktailfactory.com/eugene/mushroom-pottery,https://colorcocktailfactory.com/eugene/mushroom-pottery,404,"Color Cocktail Factory — Premium Creative Workshops in Chicago & Eugene | Pottery, Glass Art & More",99,"Book unique, hands-on creative workshops in Chicago & Eugene. Expert-led pottery classes, wheel throwing, Turkish lamp making, glass fusion, mosaics, bonsai, candle making & more. Perfect for date nights, team building, birthdays, and bachelorette parties. Same-day availability. Beginner-friendly.",298,,internal
https://colorcocktailfactory.com/eugene/oogie-boogie,https://colorcocktailfactory.com/eugene/oogie-boogie,404,"Color Cocktail Factory — Premium Creative Workshops in Chicago & Eugene | Pottery, Glass Art & More",99,"Book unique, hands-on creative workshops in Chicago & Eugene. Expert-led pottery classes, wheel throwing, Turkish lamp making, glass fusion, mosaics, bonsai, candle making & more. Perfect for date nights, team building, birthdays, and bachelorette parties. Same-day availability. Beginner-friendly.",298,,internal
https://colorcocktailfactory.com/eugene/paint-night,https://colorcocktailfactory.com/eugene/paint-night,404,"Color Cocktail Factory — Premium Creative Workshops in Chicago & Eugene | Pottery, Glass Art & More",99,"Book unique, hands-on creative workshops in Chicago & Eugene. Expert-led pottery classes, wheel throwing, Turkish lamp making, glass fusion, mosaics, bonsai, candle making & more. Perfect for date nights, team building, birthdays, and bachelorette parties. Same-day availability. Beginner-friendly.",298,,internal
https://colorcocktailfactory.com/eugene/pipe-ashtray,https://colorcocktailfactory.com/eugene/pipe-ashtray,404,"Color Cocktail Factory — Premium Creative Workshops in Chicago & Eugene | Pottery, Glass Art & More",99,"Book unique, hands-on creative workshops in Chicago & Eugene. Expert-led pottery classes, wheel throwing, Turkish lamp making, glass fusion, mosaics, bonsai, candle making & more. Perfect for date nights, team building, birthdays, and bachelorette parties. Same-day availability. Beginner-friendly.",298,,internal
https://colorcocktailfactory.com/eugene/watercolor,https://colorcocktailfactory.com/eugene/watercolor,404,"Color Cocktail Factory — Premium Creative Workshops in Chicago & Eugene | Pottery, Glass Art & More",99,"Book unique, hands-on creative workshops in Chicago & Eugene. Expert-led pottery classes, wheel throwing, Turkish lamp making, glass fusion, mosaics, bonsai, candle making & more. Perfect for date nights, team building, birthdays, and bachelorette parties. Same-day availability. Beginner-friendly.",298,,internal
https://colorcocktailfactory.com/events/acuity-79006071-2026-10-10-1730,https://colorcocktailfactory.com/events/acuity-79006071-2026-10-10-1730,200,Date Night on the Pottery Wheel - Chicago | Color Cocktail Factory,66,"Get creative together at our Date Night Pottery Class—a fun, hands-on experience where couples sculpt, laugh, and make lasting memories in clay. No experience needed—just bring your date and we’ll handle the rest! This reservation now will include two seats per ticket",268,https://colorcocktailfactory.com/events/acuity-79006071-2026-10-10-1730,internal
https://colorcocktailfactory.com/events/acuity-79006071-2026-10-11-1930,https://colorcocktailfactory.com/events/acuity-79006071-2026-10-11-1930,200,Date Night on the Pottery Wheel - Chicago | Color Cocktail Factory,66,"Get creative together at our Date Night Pottery Class—a fun, hands-on experience where couples sculpt, laugh, and make lasting memories in clay. No experience needed—just bring your date and we’ll handle the rest! This reservation now will include two seats per ticket",268,https://colorcocktailfactory.com/events/acuity-79006071-2026-10-11-1930,internal
https://colorcocktailfactory.com/events/acuity-79006616-2026-10-10-1730,https://colorcocktailfactory.com/events/acuity-79006616-2026-10-10-1730,200,Wheel Throwing for Beginners - Chicago | Color Cocktail Factory,63,"Discover the joy of pottery in this hands-on beginner wheel throwing class! You’ll learn clay prep, centering, tool use, and how to form a small bowl on the pottery wheel. No experience? No problem—this class is perfect for curious beginners ready to try something new.

Note: This session focuses on learning. While we’ll do our best to help you create a piece, finished bowls are not guaranteed. If you do make one, it will be unfired greenware—fragile and decorative only.",475,https://colorcocktailfactory.com/events/acuity-79006616-2026-10-10-1730,internal
https://colorcocktailfactory.com/events/acuity-79006616-2026-10-11-1930,https://colorcocktailfactory.com/events/acuity-79006616-2026-10-11-1930,200,Wheel Throwing for Beginners - Chicago | Color Cocktail Factory,63,"Discover the joy of pottery in this hands-on beginner wheel throwing class! You’ll learn clay prep, centering, tool use, and how to form a small bowl on the pottery wheel. No experience? No problem—this class is perfect for curious beginners ready to try something new.

Note: This session focuses on learning. While we’ll do our best to help you create a piece, finished bowls are not guaranteed. If you do make one, it will be unfired greenware—fragile and decorative only.",475,https://colorcocktailfactory.com/events/acuity-79006616-2026-10-11-1930,internal
https://colorcocktailfactory.com/events/acuity-79181599-2026-10-11-1900,https://colorcocktailfactory.com/events/acuity-79181599-2026-10-11-1900,200,Cat Vase Making - Chicago | Color Cocktail Factory,50,"Join us for a fun and creative pottery class where you'll learn to make an adorable cat vase! This class is perfect for beginners and uses just one pound of clay. You'll be guided through each step of the process, from shaping the clay to adding the final touches that bring your cute cat vase to life. By the end of the class, you'll have a unique and charming piece that you can keep and treasure forever. Come and unleash your creativity with us!",449,https://colorcocktailfactory.com/events/acuity-79181599-2026-10-11-1900,internal
https://colorcocktailfactory.com/events/acuity-79182319-2026-10-10-1700,https://colorcocktailfactory.com/events/acuity-79182319-2026-10-10-1700,200,Mosaic Creations - Chicago | Color Cocktail Factory,51,"Perfect for beginners, this workshop covers the basics of layout, tile cutting, and adhesive techniques—plus you’ll have access to a wide selection of ceramic, glass, and stone tiles in every color imaginable.",209,https://colorcocktailfactory.com/events/acuity-79182319-2026-10-10-1700,internal
https://colorcocktailfactory.com/events/acuity-79182319-2026-10-11-1900,https://colorcocktailfactory.com/events/acuity-79182319-2026-10-11-1900,200,Mosaic Creations - Chicago | Color Cocktail Factory,51,"Perfect for beginners, this workshop covers the basics of layout, tile cutting, and adhesive techniques—plus you’ll have access to a wide selection of ceramic, glass, and stone tiles in every color imaginable.",209,https://colorcocktailfactory.com/events/acuity-79182319-2026-10-11-1900,internal
https://colorcocktailfactory.com/events/acuity-79183668-2026-10-11-1910,https://colorcocktailfactory.com/events/acuity-79183668-2026-10-11-1910,200,Paint Pottery - Chicago | Color Cocktail Factory,48,"Join our Pottery Painting and Glazing class where you can bring your own masterpieces to life! In this engaging and hands-on session, attendees will have the opportunity to paint and glaze their previously made pottery pieces. With a wide range of vibrant colors to choose from, you can truly let your creativity flow.",318,https://colorcocktailfactory.com/events/acuity-79183668-2026-10-11-1910,internal
https://colorcocktailfactory.com/events/acuity-79185767-2026-10-11-1900,https://colorcocktailfactory.com/events/acuity-79185767-2026-10-11-1900,200,Candle Making - Chicago | Color Cocktail Factory,48,"The perfect class for anyone wanting to learn about candle making! Discover the art of candle making in our relaxing BYOB two-hour workshop for beginners! Where creativity meets relaxation. This hands-on class invites you to explore the soothing world of essential oils and vibrant wax colors. With access to a decorations, candle tins, and all the necessary tools, including melting stations, stirring sticks, and even petals and herbs.",437,https://colorcocktailfactory.com/events/acuity-79185767-2026-10-11-1900,internal
https://colorcocktailfactory.com/events/acuity-79186725-2026-10-10-1830,https://colorcocktailfactory.com/events/acuity-79186725-2026-10-10-1830,200,Ceramic Mug and a Bowl - Chicago | Color Cocktail Factory,57,"You'll learn how to create a set of mugs and a bowl with the guidance of our expert tutor.

During the session, all materials will be provided, and you'll have the opportunity to explore the art of hand-building with clay. Our step-by-step instructions will ensure that you gain a solid understanding of the material and create something you can be proud of.",358,https://colorcocktailfactory.com/events/acuity-79186725-2026-10-10-1830,internal
https://colorcocktailfactory.com/events/acuity-79186927-2026-10-10-1600,https://colorcocktailfactory.com/events/acuity-79186927-2026-10-10-1600,200,Dildos and Bottles - Chicago | Color Cocktail Factory,53,A fun class where you learn how to make a ceramic dildo! Perfect for any event or date night,92,,internal
https://colorcocktailfactory.com/events/acuity-79186927-2026-10-11-1915,https://colorcocktailfactory.com/events/acuity-79186927-2026-10-11-1915,200,Dildos and Bottles - Chicago | Color Cocktail Factory,53,A fun class where you learn how to make a ceramic dildo! Perfect for any event or date night,92,https://colorcocktailfactory.com/events/acuity-79186927-2026-10-11-1915,internal
https://colorcocktailfactory.com/events/acuity-79187550-2026-10-11-1905,https://colorcocktailfactory.com/events/acuity-79187550-2026-10-11-1905,200,Boobs Coffee Mug - Chicago | Color Cocktail Factory,51,,0,https://colorcocktailfactory.com/events/acuity-79187550-2026-10-11-1905,internal
https://colorcocktailfactory.com/events/acuity-79188019-2026-10-11-1915,https://colorcocktailfactory.com/events/acuity-79188019-2026-10-11-1915,200,Mushroom Pottery - Chicago | Color Cocktail Factory,51,,0,https://colorcocktailfactory.com/events/acuity-79188019-2026-10-11-1915,internal
https://colorcocktailfactory.com/events/acuity-79188421-2026-10-10-1620,https://colorcocktailfactory.com/events/acuity-79188421-2026-10-10-1620,200,Pipe and Ashtray Making Class - Chicago | Color Cocktail Factory,64,"Make your own Pipe and ashtray!!

This class teaches you how to create a greenware piece. It will not be usable unless you choose to have it glazed. 
A bisque fire is 10$ and a Glaze is 20$ to make it safe to use 

Beginners welcome to this class! Bring us. Your ideas and we will  bring them to life",300,https://colorcocktailfactory.com/events/acuity-79188421-2026-10-10-1620,internal
https://colorcocktailfactory.com/events/acuity-79188421-2026-10-11-1920,https://colorcocktailfactory.com/events/acuity-79188421-2026-10-11-1920,200,Pipe and Ashtray Making Class - Chicago | Color Cocktail Factory,64,"Make your own Pipe and ashtray!!

This class teaches you how to create a greenware piece. It will not be usable unless you choose to have it glazed. 
A bisque fire is 10$ and a Glaze is 20$ to make it safe to use 

Beginners welcome to this class! Bring us. Your ideas and we will  bring them to life",300,https://colorcocktailfactory.com/events/acuity-79188421-2026-10-11-1920,internal
https://colorcocktailfactory.com/events/acuity-79188910-2026-10-11-1930,https://colorcocktailfactory.com/events/acuity-79188910-2026-10-11-1930,200,Bonsai for Beginners: Hands-On Workshop - Chicago | Color Cocktail Factory,74,"🌿 Bonsai Workshop: A Journey Into Living Art
Discover the ancient art of bonsai in this immersive, hands-on workshop designed for beginners and nature lovers. Guided by expert instruction, you’ll shape, prune, and style your very own miniature tree to take home.

🌱 What’s Included:

One young pre-bonsai tree

Bonsai container & specialty soil

Tools and wire for shaping

Personalized, step-by-step guidance",409,https://colorcocktailfactory.com/events/acuity-79188910-2026-10-11-1930,internal
https://colorcocktailfactory.com/events/acuity-79189013-2026-10-10-1730,https://colorcocktailfactory.com/events/acuity-79189013-2026-10-10-1730,200,Terrarium Workshop - Chicago | Color Cocktail Factory,53,"Make your own terrarium 
Class includes a small glass orb 
One succulent 
And the necessary materials to create your own living garden",134,https://colorcocktailfactory.com/events/acuity-79189013-2026-10-10-1730,internal
https://colorcocktailfactory.com/events/acuity-79189013-2026-10-10-1810,https://colorcocktailfactory.com/events/acuity-79189013-2026-10-10-1810,200,Terrarium Workshop - Chicago | Color Cocktail Factory,53,"Make your own terrarium 
Class includes a small glass orb 
One succulent 
And the necessary materials to create your own living garden",134,https://colorcocktailfactory.com/events/acuity-79189013-2026-10-10-1810,internal
https://colorcocktailfactory.com/events/acuity-79274876-2026-10-11-1900,https://colorcocktailfactory.com/events/acuity-79274876-2026-10-11-1900,200,Soap Making - Chicago | Color Cocktail Factory,46,"You’ll get to explore a wide selection of essential oils, botanicals, dried flowers, herbs, and exfoliants to craft soaps that are uniquely yours—perfect for gifting or treating yourself.

What’s included:

Step-by-step instruction

All soap-making materials and tools

Fragrance oils, colorants, and decorative add-ins

3–5 custom soap bars to take home

Whether you’re into floral, earthy, citrus, or cozy scents, this hands-on class will have you mixing, pouring, and creating with joy.",489,https://colorcocktailfactory.com/events/acuity-79274876-2026-10-11-1900,internal
https://colorcocktailfactory.com/events/acuity-79374003-2026-10-10-1600,https://colorcocktailfactory.com/events/acuity-79374003-2026-10-10-1600,200,Wine Glass Painting - Chicago | Color Cocktail Factory,54,"Wine Glass Painting – Paint, Sip, and Take Home Two Custom Glasses

Get ready to add a personal twist to your next toast! In this relaxed, BYOB class, you’ll paint two beautiful wine glasses with your own unique designs—floral, funky, romantic, or totally wild. No experience needed—just bring your creativity and your favorite drink.

All supplies included. You’ll leave with two hand-painted glasses, perfect for gifting, sipping, or showing off at your next dinner party. Cheers to making it you",498,,internal
https://colorcocktailfactory.com/events/acuity-79374003-2026-10-11-1905,https://colorcocktailfactory.com/events/acuity-79374003-2026-10-11-1905,200,Wine Glass Painting - Chicago | Color Cocktail Factory,54,"Wine Glass Painting – Paint, Sip, and Take Home Two Custom Glasses

Get ready to add a personal twist to your next toast! In this relaxed, BYOB class, you’ll paint two beautiful wine glasses with your own unique designs—floral, funky, romantic, or totally wild. No experience needed—just bring your creativity and your favorite drink.

All supplies included. You’ll leave with two hand-painted glasses, perfect for gifting, sipping, or showing off at your next dinner party. Cheers to making it you",498,https://colorcocktailfactory.com/events/acuity-79374003-2026-10-11-1905,internal
https://colorcocktailfactory.com/events/acuity-79374537-2026-10-11-1910,https://colorcocktailfactory.com/events/acuity-79374537-2026-10-11-1910,200,Hanging Turkish Mosaic Lamp - Chicago | Color Cocktail Factory,62,"🪬 All tools and materials included
💡 Lamp hardware provided and assembled for you
🎨 Choose from a wide variety of colors and pattern guides
🍷 BYOB — bring your favorite drink and vibe out
🌙 Perfect for date nights, mother-daughter bonding, or solo creative time
Step into a glowing world of color, pattern, and tradition in this one-of-a-kind Turkish Lamp Mosaic Workshop. Inspired by centuries-old techniques from the bazaars of Istanbul, this hands-on class lets you design and assemble y",490,https://colorcocktailfactory.com/events/acuity-79374537-2026-10-11-1910,internal
https://colorcocktailfactory.com/events/acuity-90210750-2026-10-11-2000,https://colorcocktailfactory.com/events/acuity-90210750-2026-10-11-2000,200,Eugene: Ceramic Mug and a Bowl | Color Cocktail Factory,55,"You'll learn how to create a set of mugs and a bowl with the guidance of our expert tutor.

During the session, all materials will be provided, and you'll have the opportunity to explore the art of hand-building with clay. Our step-by-step instructions will ensure that you gain a solid understanding of the material and create something you can be proud of.",358,https://colorcocktailfactory.com/events/acuity-90210750-2026-10-11-2000,internal
https://colorcocktailfactory.com/events/acuity-90211026-2026-10-10-1820,https://colorcocktailfactory.com/events/acuity-90211026-2026-10-10-1820,200,Eugene Pipe and Ashtray Making Class | Color Cocktail Factory,61,"Create your own ceramic PIPE and Ashtray!
A perfect class for solo creators or date nighters!
Bring a picture of what you want to make and let’s make it!",153,https://colorcocktailfactory.com/events/acuity-90211026-2026-10-10-1820,internal
https://colorcocktailfactory.com/events/acuity-94058109-2026-10-11-1930,https://colorcocktailfactory.com/events/acuity-94058109-2026-10-11-1930,200,VIP Date Night Paint Night | Color Cocktail Factory,51,"Looking to Upgrade your date night?
Join us for a Date Night Paint Night where we will lead you through painting a picture of your choosing. Custom to you! Only one couple per time slot
One ticket is good for two people 
If you would like to bring other couples with you email us at support@colorcocktailfactory.com and we will open up the class",345,https://colorcocktailfactory.com/events/acuity-94058109-2026-10-11-1930,internal
https://colorcocktailfactory.com/events/acuity-94058299-2026-10-10-1830,https://colorcocktailfactory.com/events/acuity-94058299-2026-10-10-1830,200,Date Night Bonsai VIP | Color Cocktail Factory,46,Join us for a creative hands-on workshop where you and a loved each learn the art of Bonsai in this interactive and creative class!,131,https://colorcocktailfactory.com/events/acuity-94058299-2026-10-10-1830,internal
https://colorcocktailfactory.com/events/acuity-94930972-2026-10-10-1715,https://colorcocktailfactory.com/events/acuity-94930972-2026-10-10-1715,200,Chicago Date Night Pottery | Color Cocktail Factory,51,"The perfect class for couples! Never touched clay before? You are welcome!
Comfortable with clay and want to up your skills and make something cool while learning new skills? ONE TICKET PER COUPLE
Bring your ideas so we can help you bring them to life. Handbuilding class",271,https://colorcocktailfactory.com/events/acuity-94930972-2026-10-10-1715,internal
https://colorcocktailfactory.com/events/acuity-94932997-2026-10-11-1900,https://colorcocktailfactory.com/events/acuity-94932997-2026-10-11-1900,200,Date Night Watercolor Painting for Two - Eugene | Color Cocktail Factory,72,"A cozy watercolor date night for two. You and your partner will paint side by side with step-by-step guidance, exploring simple watercolor techniques, color mixing, washes, and playful details. Choose from romantic florals, landscapes, or abstract designs. No experience needed — this class is relaxed, beginner-friendly, and designed as a creative night out together. All materials included.",392,https://colorcocktailfactory.com/events/acuity-94932997-2026-10-11-1900,internal
https://colorcocktailfactory.com/events/acuity-94935292-2026-10-10-1700,https://colorcocktailfactory.com/events/acuity-94935292-2026-10-10-1700,200,Date Night Watercolor Painting for Two - Chicago | Color Cocktail Factory,73,"A cozy watercolor date night for two. You and your partner will paint side by side with step-by-step guidance, exploring simple watercolor techniques, color mixing, washes, and playful details. Choose from romantic florals, landscapes, or abstract designs. No experience needed — this class is relaxed, beginner-friendly, and designed as a creative night out together. All materials included.",392,https://colorcocktailfactory.com/events/acuity-94935292-2026-10-10-1700,internal
https://colorcocktailfactory.com/events/acuity-95023345-2026-10-10-1730,https://colorcocktailfactory.com/events/acuity-95023345-2026-10-10-1730,200,Date Night On Fire - VIP EXPERIENCE | Color Cocktail Factory,60,"Looking to really impress? This class involves fire, painting with slip on the wheel and includes a choice of glaze for yourself and loved one. An experience no one would forget. 

One Ticket covers a couple

Note: This session focuses on learning. While we’ll do our best to help you create a piece, finished bowls are not guaranteed. If you do make one, it will be unfired greenware—fragile and decorative only.",413,https://colorcocktailfactory.com/events/acuity-95023345-2026-10-10-1730,internal
https://colorcocktailfactory.com/events/acuity-95415406-2026-10-11-1915,https://colorcocktailfactory.com/events/acuity-95415406-2026-10-11-1915,200,Date Night Candle Making | Color Cocktail Factory,49,The perfect class for a couple looking for something fun to celebrate! The class comes with instruction and one candle each. Additional candles can be purchased for only 15$ to make. Bring a bottle of wine and get out of the house and make something together! We can’t wait to welcome you!,289,https://colorcocktailfactory.com/events/acuity-95415406-2026-10-11-1915,internal
https://colorcocktailfactory.com/events/acuity-95416771-2026-10-11-1910,https://colorcocktailfactory.com/events/acuity-95416771-2026-10-11-1910,200,Turkish Mosaic Lamp - Chicago | Color Cocktail Factory,54,"🪬 All tools and materials included
💡 Lamp hardware provided and assembled for you
🎨 Choose from a wide variety of colors and pattern guides
🍷 BYOB — bring your favorite drink and vibe out
🌙 Perfect for date nights, mother-daughter bonding, or solo creative time
Step into a glowing world of color, pattern, and tradition in this one-of-a-kind Turkish Lamp Mosaic Workshop. Inspired by centuries-old techniques from the bazaars of Istanbul, this hands-on class lets you design and assemble y",490,https://colorcocktailfactory.com/events/acuity-95416771-2026-10-11-1910,internal
https://colorcocktailfactory.com/events/acuity-95588506-2026-10-10-1730,https://colorcocktailfactory.com/events/acuity-95588506-2026-10-10-1730,200,Spin A Spell- Make your Own Clay Cauldron | Color Cocktail Factory,66,"Want to celebrate the upcoming holiday in a fun and creative way? Join us for a fun and witchy class created buy artists for you! 
no experience needed. the perfect class for a solo adventurer, Date night, girls night, or family fun! Beginners welcome to make your own adorable clay cauldron out of porcelain! This class does include a clear glaze to make it food safe when picked up 30 days after your class!",409,https://colorcocktailfactory.com/events/acuity-95588506-2026-10-10-1730,internal
https://colorcocktailfactory.com/events/acuity-95894050-2026-10-11-1910,https://colorcocktailfactory.com/events/acuity-95894050-2026-10-11-1910,200,Date Night Turkish Mosaic Lamp - Chicago | Color Cocktail Factory,65,"🪬 All tools and materials included
💡 One lamp for two people
🎨 Choose from a wide variety of colors and pattern guides
🍷 BYOB — bring your favorite drink and vibe out
🌙 Perfect for date nights, mother-daughter bonding, or solo creative time
Step into a glowing world of color, pattern, and tradition in this one-of-a-kind Turkish Lamp Mosaic Workshop. Inspired by centuries-old techniques from the bazaars of Istanbul, this hands-on class lets you design and assemble y",469,https://colorcocktailfactory.com/events/acuity-95894050-2026-10-11-1910,internal
https://colorcocktailfactory.com/events/acuity-95909935-2026-10-11-1945,https://colorcocktailfactory.com/events/acuity-95909935-2026-10-11-1945,200,Wine Glass Painting | Color Cocktail Factory,44,"Spend an evening relaxing with our wine glass painting class. The perfect class for a night out. 
All materials are included. Perfect for get togethers or date nights",166,https://colorcocktailfactory.com/events/acuity-95909935-2026-10-11-1945,internal
https://colorcocktailfactory.com/events/acuity-95911163-2026-10-10-1830,https://colorcocktailfactory.com/events/acuity-95911163-2026-10-10-1830,200,Open Studio Wheel throwing | Color Cocktail Factory,51,Throw on the wheel at your own pace! This Class includes 5 lbs of clay. And two hours on the wheel. No instruction will be given. This class is for People who have thrown before and want to practice. If you damage a wheel you will be financially responsible for that wheel,272,https://colorcocktailfactory.com/events/acuity-95911163-2026-10-10-1830,internal
https://colorcocktailfactory.com/events/acuity-96113161-2026-10-10-1730,https://colorcocktailfactory.com/events/acuity-96113161-2026-10-10-1730,200,FLASH SALE BEGINNERS WHEEL THROWING | Color Cocktail Factory,60,"Always wanted to try wheel throwing but maybe it was never in budget? 
We believe everyone deserves art and we are determined to make it happen!


Note: This session focuses on learning. While we’ll do our best to help you create a piece, finished bowls are not guaranteed. If you do make one, it will be unfired greenware—fragile and decorative only.",351,https://colorcocktailfactory.com/events/acuity-96113161-2026-10-10-1730,internal
https://colorcocktailfactory.com/events/acuity-96649100-2026-10-10-1645,https://colorcocktailfactory.com/events/acuity-96649100-2026-10-10-1645,200,Charcuterie Board Make And Paint | Color Cocktail Factory,57,"Looking to make something you can impress guests with? 
Because who doesn’t love a good meat and cheese board. 
One session. Make the board, paint it leave it. Pick up after 3 weeks. 
We make it easy.",200,https://colorcocktailfactory.com/events/acuity-96649100-2026-10-10-1645,internal
https://colorcocktailfactory.com/events/acuity-96649100-2026-10-10-1845,https://colorcocktailfactory.com/events/acuity-96649100-2026-10-10-1845,200,Charcuterie Board Make And Paint | Color Cocktail Factory,57,"Looking to make something you can impress guests with? 
Because who doesn’t love a good meat and cheese board. 
One session. Make the board, paint it leave it. Pick up after 3 weeks. 
We make it easy.",200,https://colorcocktailfactory.com/events/acuity-96649100-2026-10-10-1845,internal
https://colorcocktailfactory.com/events/acuity-96889121-2026-10-10-1700,https://colorcocktailfactory.com/events/acuity-96889121-2026-10-10-1700,200,Halloween Pottery: Carve Your Own Clay Pumpkin | Color Cocktail Factory,71,"Skip the pumpkin guts, get dirty in our studio working with clay! 
This is a fun beginner friendly sculpture class that is built for everyone kids and adults alike.",164,https://colorcocktailfactory.com/events/acuity-96889121-2026-10-10-1700,internal
https://colorcocktailfactory.com/events/acuity-97020385-2026-10-10-1615,https://colorcocktailfactory.com/events/acuity-97020385-2026-10-10-1615,200,VIP DATE NIGHT PAINT NIGHT | Color Cocktail Factory,51,"Looking for a fun date night that’s more interactive? 
We hope you join us for this fun activity where you get one on one painting instruction from our on Staff Artist who will help bring your unique painting to life. 
The perfect date night for couples looking to celebrate an occasion. Birthday, anniversary, or just want to celebrate love together. Make something you both will treasure with our Picasso Date Night Paint Night. No experience necessary",454,https://colorcocktailfactory.com/events/acuity-97020385-2026-10-10-1615,internal
https://colorcocktailfactory.com/events/acuity-97524789-2026-10-10-1815,https://colorcocktailfactory.com/events/acuity-97524789-2026-10-10-1815,200,OOGIE BOOGIE INSPIRED CANDLE HOLDER | HALLOWEEN POTTERY | Color Cocktail Factory,80,"Oogie Boogie is crawling back into our Chicago studio for September and October only.

In this seasonal pottery class, you will handbuild your own Oogie Boogie inspired candle holder from clay. Our instructor will guide you step by step as you shape the body, carve the crooked grin, add stitched details, and give your character its own strange personality. Make yours classic, extra creepy, surprisingly cute, or completely unhinged.

No pottery experience is needed. This class is kids friendly",497,https://colorcocktailfactory.com/events/acuity-97524789-2026-10-10-1815,internal
https://colorcocktailfactory.com/events/acuity-97573448-2026-10-10-1645,https://colorcocktailfactory.com/events/acuity-97573448-2026-10-10-1645,200,MONSTER POTTERY! HALLOWEEN LANTERN CLASS | Color Cocktail Factory,65,"A fun way to celebrate Halloween!
Make your own Monster Lantern with us! 
Make and paint the same day your own monster lantern that you can decorate your home with during spooky season or all year long. 
A fun make and paint class. Create and paint with glaze. Leave it here to fire and pieces will be ready after three weeks as a priority! See you all soon for this fun class!",377,https://colorcocktailfactory.com/events/acuity-97573448-2026-10-10-1645,internal
https://colorcocktailfactory.com/events/acuity-97861588-2026-10-11-1900,https://colorcocktailfactory.com/events/acuity-97861588-2026-10-11-1900,200,Date Night: Make Your Own Ceramic Chess Set ♟️ | Color Cocktail Factory,71,"one ticket per couple 

No pottery experience needed! Our artists will guide you through the process while you put your own personality into your set. Make it classic, cute, weird, romantic, or completely ridiculous — your game, your rules.

Once finished, your pieces will be fired so you can take home a real, playable ceramic chess set that you made together.

Perfect for couples who want a date night that’s actually different.",432,https://colorcocktailfactory.com/events/acuity-97861588-2026-10-11-1900,internal
https://colorcocktailfactory.com/events/acuity-97904101-2026-10-10-1845,https://colorcocktailfactory.com/events/acuity-97904101-2026-10-10-1845,200,Date Night Chix | Color Cocktail Factory,40,"The cutest date night! 
Learn beginners hand building and sculpture work in this fun creative class!
You and your date will each make your own cute hen and get to paint it in the same session!
A fun two hour class perfect for any occasion!
Whether it’s your very first date together or celebrating an anniversary, these cute little hens can be used to hold keys, jewelry or other small memories you make together!
This is hand building class. Not on the wheel. One ticket is good for two people.",495,https://colorcocktailfactory.com/events/acuity-97904101-2026-10-10-1845,internal
https://colorcocktailfactory.com/events/acuity-98180179-2026-10-11-1910,https://colorcocktailfactory.com/events/acuity-98180179-2026-10-11-1910,200,Halloween Ghost Pottey! | Color Cocktail Factory,48,"Looking for something quick and fun to do? 
Make your own adorable clay ghost!
Come decorate and have fun! Clay tools and instruction is included
Fire and glaze is extra 
Class is 1 hour only",191,https://colorcocktailfactory.com/events/acuity-98180179-2026-10-11-1910,internal
https://colorcocktailfactory.com/events/acuity-98334198-2026-10-10-1715,https://colorcocktailfactory.com/events/acuity-98334198-2026-10-10-1715,200,Eugene Duck Soap holder | Color Cocktail Factory,48,"Eugene! This class was made for you! Make your own adorable duck soap holder! 
All clay , tools and instruction provided.
If you would like to bisque fire 10$
Glaze 20$ if choosing to fire leave at studio we will Text after three weeks for pick up",247,https://colorcocktailfactory.com/events/acuity-98334198-2026-10-10-1715,internal
https://colorcocktailfactory.com/teach,https://colorcocktailfactory.com/teach,200,Teach with CCF — Wheel Throwing Partnership | Color Cocktail Factory,68,Become a wheel throwing instructor partner with Color Cocktail Factory. Teach pottery date nights from your own space across USA & Canada. Kiln required. Portable wheels available for purchase.,193,https://colorcocktailfactory.com/teach,internal
